{"type":"Topology","objects":{"subunits":{"type":"GeometryCollection","geometries":[{"type":"Polygon","id":"06091","properties":{"name":"Sierra","fullName":"Sierra County","areaLand":2468686345},"arcs":[[0,1,2,3,4,5,6,7,8,9,10,-9,11,12,13,14,15,16,17,18,19,20,21,22,23,24,25,26,27]]},{"type":"Polygon","id":"06067","properties":{"name":"Sacramento","fullName":"Sacramento County","areaLand":2499176690},"arcs":[[28,29,30,31,32,33,34,35,36,37,38,39,40,41,42,43,44,45,46,47,48,49]]},{"type":"MultiPolygon","id":"06083","properties":{"name":"Santa Barbara","fullName":"Santa Barbara County","areaLand":7083926262},"arcs":[[[50,51]],[[52]],[[53,54,55,56,57,58,59,60,61,62,63,64]]]},{"type":"Polygon","id":"06009","properties":{"name":"Calaveras","fullName":"Calaveras County","areaLand":2641819811},"arcs":[[65,66,67,68,69,-70,70,71,72]]},{"type":"MultiPolygon","id":"06111","properties":{"name":"Ventura","fullName":"Ventura County","areaLand":4773381212},"arcs":[[[73]],[[-51,74]],[[-64,62,-62,75,76,77,78,79]]]},{"type":"MultiPolygon","id":"06037","properties":{"name":"Los Angeles","fullName":"Los Angeles County","areaLand":10510365728},"arcs":[[[80]],[[81]],[[82,83,84,85,86,87,-79,77,-77]]]},{"type":"Polygon","id":"06097","properties":{"name":"Sonoma","fullName":"Sonoma County","areaLand":4081401375},"arcs":[[88,89,90,91,92,93,94,95,96,97,98,99,100,101,102,103,104,105,106,107,108]]},{"type":"Polygon","id":"06031","properties":{"name":"Kings","fullName":"Kings County","areaLand":3598582246},"arcs":[[109,110,111,112,113,114,115]]},{"type":"Polygon","id":"06073","properties":{"name":"San Diego","fullName":"San Diego County","areaLand":10895213672},"arcs":[[116,117,118,119]]},{"type":"Polygon","id":"06061","properties":{"name":"Placer","fullName":"Placer County","areaLand":3644346108},"arcs":[[120,121,-29,-50,122,123,124,125,126,127,128,129,130,131,132,133,134]]},{"type":"MultiPolygon","id":"06075","properties":{"name":"San Francisco","fullName":"San Francisco County","areaLand":121451664},"arcs":[[[135,136,137,138,139,140,141]],[[142]]]},{"type":"Polygon","id":"06041","properties":{"name":"Marin","fullName":"Marin County","areaLand":1348041348},"arcs":[[-109,107,-107,105,-105,103,102,-102,100,-100,143,-138,136,-136,144]]},{"type":"Polygon","id":"06043","properties":{"name":"Mariposa","fullName":"Mariposa County","areaLand":3752425638},"arcs":[[145,146,147,148,149,150,151,152,153,154,155,156,157,158,159,-160,159,160,161,162,163,164]]},{"type":"Polygon","id":"06035","properties":{"name":"Lassen","fullName":"Lassen County","areaLand":11761622251},"arcs":[[165,166,-1,167,168]]},{"type":"Polygon","id":"06055","properties":{"name":"Napa","fullName":"Napa County","areaLand":1938262446},"arcs":[[169,170,171,172,-98,96,-96,173]]},{"type":"Polygon","id":"06089","properties":{"name":"Shasta","fullName":"Shasta County","areaLand":9778188425},"arcs":[[174,175,-169,176,177,178,179,180,181,182,183,184,185,186,187,188,189,190,191,192,193,194,195,196,197,198,199,200]]},{"type":"Polygon","id":"06053","properties":{"name":"Monterey","fullName":"Monterey County","areaLand":8496777466},"arcs":[[201,202,203,204,205,206,207,208,209,210,211,212,213,214,215,-216,215,216,217,218,219,220,221,222,223,224,225,226,227,228,229,230,231,232,233,234,235,236,237,238,239,240,241,242,243,244,245,246,247,248,249,250,251,252,253,-115,254,255]]},{"type":"Polygon","id":"06105","properties":{"name":"Trinity","fullName":"Trinity County","areaLand":8234308375},"arcs":[[256,-201,199,-199,197,-197,257,258,259,260,261,262,263]]},{"type":"Polygon","id":"06045","properties":{"name":"Mendocino","fullName":"Mendocino County","areaLand":9081415546},"arcs":[[264,-261,265,266,267,268,269,270,271,-90,272]]},{"type":"Polygon","id":"06027","properties":{"name":"Inyo","fullName":"Inyo County","areaLand":26368506526},"arcs":[[273,274,275,276,277,278,279,280,281,282]]},{"type":"Polygon","id":"06051","properties":{"name":"Mono","fullName":"Mono County","areaLand":7896722221},"arcs":[[283,284,285,286,-279,287,288,289,290,291,292,293,294,295,296,297]]},{"type":"Polygon","id":"06109","properties":{"name":"Tuolumne","fullName":"Tuolumne County","areaLand":5752116633},"arcs":[[298,-298,296,-296,294,-294,299,-163,161,-161,-160,159,-160,-159,157,-157,155,-155,153,-153,151,-151,149,-149,147,-147,300,-70,-69,67,-67]]},{"type":"Polygon","id":"06095","properties":{"name":"Solano","fullName":"Solano County","areaLand":2128379066},"arcs":[[301,302,303,45,304,46,-47,-46,-45,-44,43,305,-99,-173]]},{"type":"Polygon","id":"06071","properties":{"name":"San Bernardino","fullName":"San Bernardino County","areaLand":51947497395},"arcs":[[306,-281,307,308,309,310,311,312,313,-86]]},{"type":"Polygon","id":"06013","properties":{"name":"Contra Costa","fullName":"Contra Costa County","areaLand":1871894611},"arcs":[[-139,-144,-306,-44,-43,314,315,316,317,318,319,320,321]]},{"type":"Polygon","id":"06003","properties":{"name":"Alpine","fullName":"Alpine County","areaLand":1912243146},"arcs":[[322,323,-286,284,-284,-299,-66,324]]},{"type":"Polygon","id":"06017","properties":{"name":"El Dorado","fullName":"El Dorado County","areaLand":4423442486},"arcs":[[28,-122,325,-323,326,327,328,329,330,331,332,333,334,-32,30,-30,-29]]},{"type":"Polygon","id":"06113","properties":{"name":"Yolo","fullName":"Yolo County","areaLand":2628233454},"arcs":[[335,336,337,338,339,340,341,-48,-47,304,-46,-304,302,-302,-172,170,-170]]},{"type":"Polygon","id":"06115","properties":{"name":"Yuba","fullName":"Yuba County","areaLand":1636983405},"arcs":[[342,343,344,345,-23,346,-124,347,348,349]]},{"type":"Polygon","id":"06069","properties":{"name":"San Benito","fullName":"San Benito County","areaLand":3596741910},"arcs":[[350,351,352,353,354,355,-245,243,-243,241,-241,239,-239,237,-237,235,-235,233,-233,231,-231,229,-229,227,-227,225,-225,223,-223,221,-221,219,-219,217,-217,-216,215,-216,-215,213,-213,211,-211,209,-209,207,-207,205,-205,203,-203]]},{"type":"Polygon","id":"06023","properties":{"name":"Humboldt","fullName":"Humboldt County","areaLand":9241050191},"arcs":[[356,357,-264,262,-262,-265,358]]},{"type":"Polygon","id":"06065","properties":{"name":"Riverside","fullName":"Riverside County","areaLand":18664548548},"arcs":[[-313,311,-311,309,-309,359,360,-118,361]]},{"type":"Polygon","id":"06029","properties":{"name":"Kern","fullName":"Kern County","areaLand":21061724395},"arcs":[[-113,362,-282,-307,-85,83,-83,-76,-61,363]]},{"type":"Polygon","id":"06011","properties":{"name":"Colusa","fullName":"Colusa County","areaLand":2980373022},"arcs":[[364,365,366,-337,367,368,369,370,371,372,-373,373,374,375,376,377,378,379]]},{"type":"Polygon","id":"06015","properties":{"name":"Del Norte","fullName":"Del Norte County","areaLand":2606517997},"arcs":[[380,381,382,383,384,385,386,-357,387]]},{"type":"Polygon","id":"06049","properties":{"name":"Modoc","fullName":"Modoc County","areaLand":10140841147},"arcs":[[388,-166,-176,389]]},{"type":"Polygon","id":"06019","properties":{"name":"Fresno","fullName":"Fresno County","areaLand":15433281588},"arcs":[[-288,-278,276,-276,274,-274,390,-116,-254,252,-252,250,-250,248,-248,246,-246,-356,391,392,393,394,395,396]]},{"type":"Polygon","id":"06039","properties":{"name":"Madera","fullName":"Madera County","areaLand":5535058234},"arcs":[[-164,-300,-293,291,-291,289,-289,-397,395,-395,393,-393,397,398,399]]},{"type":"Polygon","id":"06085","properties":{"name":"Santa Clara","fullName":"Santa Clara County","areaLand":3341632767},"arcs":[[400,401,402,403,404,405,406,407,408,409,-410,409,410,411,412,413,414,415,416,417,418,419,420,421,422,423,424,425,426,427,-354,352,-352,428,429,430,-431,431,432,-433,432,433,434,435,436,437,438,439,440,441,442,443,444,445]]},{"type":"Polygon","id":"06103","properties":{"name":"Tehama","fullName":"Tehama County","areaLand":7639716083},"arcs":[[446,447,448,-270,268,-268,266,-266,-260,258,-258,-196,194,-194,192,-192,190,-190,188,-188,186,-186,-185,-184,182,-182,180,-180,178,-178]]},{"type":"Polygon","id":"06077","properties":{"name":"San Joaquin","fullName":"San Joaquin County","areaLand":3603647052},"arcs":[[449,-72,450,451,452,453,454,455,456,457,458,459,460,461,462,463,464,465,466,467,468,469,-315,-42,40,-40,38,-38,36,-36,34,-34]]},{"type":"Polygon","id":"06001","properties":{"name":"Alameda","fullName":"Alameda County","areaLand":1914240897},"arcs":[[-140,-322,320,-320,318,-318,316,-316,-470,468,-468,470,-414,412,-412,471]]},{"type":"Polygon","id":"06057","properties":{"name":"Nevada","fullName":"Nevada County","areaLand":2480638586},"arcs":[[472,-135,133,-133,131,-131,129,-129,127,-127,125,-125,-347,-22,20,-20,18,-18,16,-16,14,-14,12,-12,8,-11,-10,-9,-8,-7,5,-5,3,-3]]},{"type":"Polygon","id":"06007","properties":{"name":"Butte","fullName":"Butte County","areaLand":4238422629},"arcs":[[-448,473,-345,343,-343,474,-366,-365,475,476,477]]},{"type":"Polygon","id":"06047","properties":{"name":"Merced","fullName":"Merced County","areaLand":5011540864},"arcs":[[-165,-400,398,-398,-392,-355,-428,426,-426,478]]},{"type":"Polygon","id":"06107","properties":{"name":"Tulare","fullName":"Tulare County","areaLand":12494776168},"arcs":[[-112,110,-110,-391,-283,-363]]},{"type":"Polygon","id":"06099","properties":{"name":"Stanislaus","fullName":"Stanislaus County","areaLand":3870792979},"arcs":[[-71,69,-301,145,-479,-425,423,-423,421,-421,-420,-419,417,-417,415,-415,-471,-467,465,-465,463,-463,461,-461,459,-459,457,-457,455,-455,453,-453,451,-451]]},{"type":"Polygon","id":"06059","properties":{"name":"Orange","fullName":"Orange County","areaLand":2047743976},"arcs":[[-87,-314,-362,-117,479]]},{"type":"Polygon","id":"06025","properties":{"name":"Imperial","fullName":"Imperial County","areaLand":10817387422},"arcs":[[-119,-361,480]]},{"type":"Polygon","id":"06101","properties":{"name":"Sutter","fullName":"Sutter County","areaLand":1560237071},"arcs":[[365,-475,-350,348,-348,-123,-49,-342,340,-340,338,-338,-367,-366]]},{"type":"Polygon","id":"06005","properties":{"name":"Amador","fullName":"Amador County","areaLand":1539947591},"arcs":[[-335,333,-333,331,-331,329,-329,327,-327,-325,-73,-450,-33]]},{"type":"Polygon","id":"06033","properties":{"name":"Lake","fullName":"Lake County","areaLand":3254241507},"arcs":[[481,-379,377,-377,-376,374,-374,372,-373,-372,370,-370,368,-368,-336,-174,-95,93,-93,91,-91,-272]]},{"type":"Polygon","id":"06063","properties":{"name":"Plumas","fullName":"Plumas County","areaLand":6612371925},"arcs":[[-447,-177,-168,-28,26,-26,-25,-24,-346,-474]]},{"type":"Polygon","id":"06081","properties":{"name":"San Mateo","fullName":"San Mateo County","areaLand":1161506629},"arcs":[[-141,-472,-411,-410,409,-410,-409,407,-407,405,-405,403,-403,401,-401,482,483,484,485]]},{"type":"Polygon","id":"06093","properties":{"name":"Siskiyou","fullName":"Siskiyou County","areaLand":16259635719},"arcs":[[-390,-175,-257,-358,-387,385,-385,383,-383,381,-381,486]]},{"type":"Polygon","id":"06087","properties":{"name":"Santa Cruz","fullName":"Santa Cruz County","areaLand":1152967527},"arcs":[[-446,444,-444,442,-442,440,-440,438,-438,436,-436,434,-434,-433,432,-433,-432,430,-431,-430,-429,-351,-202,487,-485,483,-483]]},{"type":"Polygon","id":"06021","properties":{"name":"Glenn","fullName":"Glenn County","areaLand":3403106640},"arcs":[[-449,-478,476,-476,-380,-482,-271]]},{"type":"Polygon","id":"06079","properties":{"name":"San Luis Obispo","fullName":"San Luis Obispo County","areaLand":8543720566},"arcs":[[-114,-364,-60,58,-58,56,-56,54,-54,488,-255]]}]}},"arcs":[[[4188,7570],[140,16]],[[4328,7586],[-2,-292]],[[4326,7294],[-70,0]],[[4256,7294],[0,0]],[[4256,7294],[-442,20]],[[3814,7314],[0,0]],[[3814,7314],[-41,61]],[[3773,7375],[0,1]],[[3773,7376],[0,0]],[[3773,7376],[0,-1]],[[3773,7375],[0,1]],[[3773,7376],[-5,0]],[[3768,7376],[0,0]],[[3768,7376],[-5,1]],[[3763,7377],[0,0]],[[3763,7377],[-158,-69]],[[3605,7308],[0,0]],[[3605,7308],[0,-1]],[[3605,7307],[0,0]],[[3605,7307],[-33,-11]],[[3572,7296],[0,0]],[[3572,7296],[-230,-58]],[[3342,7238],[13,261]],[[3355,7499],[50,30]],[[3405,7529],[0,0]],[[3405,7529],[81,115],[210,-80]],[[3696,7564],[0,0]],[[3696,7564],[492,6]],[[3227,6520],[1,0]],[[3228,6520],[20,5]],[[3248,6525],[0,0]],[[3248,6525],[89,-220]],[[3337,6305],[1,-218]],[[3338,6087],[-11,-3]],[[3327,6084],[0,0]],[[3327,6084],[-5,-4]],[[3322,6080],[0,0]],[[3322,6080],[-352,-66]],[[2970,6014],[0,0]],[[2970,6014],[-68,17]],[[2902,6031],[0,0]],[[2902,6031],[-100,-162]],[[2802,5869],[-152,-71],[-120,42]],[[2530,5840],[-1,0]],[[2529,5840],[149,24],[91,113],[19,123]],[[2788,6100],[1,0]],[[2789,6100],[2,0]],[[2791,6100],[69,52],[8,187],[-117,163],[30,44]],[[2781,6546],[115,-2]],[[2896,6544],[331,-24]],[[4844,1618],[-24,-84]],[[4820,1534],[-46,-38],[-274,-52],[-78,44],[-194,-103],[-187,133],[-163,7],[-97,169],[198,15],[105,-97],[314,76],[264,-61],[182,-9]],[[5180,1024],[114,37],[20,-112],[-88,-16],[-46,91]],[[3650,2605],[66,-42],[192,29],[133,-83],[-24,114]],[[4017,2623],[0,0]],[[4017,2623],[129,15]],[[4146,2638],[0,0]],[[4146,2638],[106,87],[137,-62]],[[4389,2663],[0,0]],[[4389,2663],[186,-84],[264,-78]],[[4839,2501],[29,0]],[[4868,2501],[0,-476]],[[4868,2025],[0,0]],[[4868,2025],[-57,-129]],[[4811,1896],[-207,10],[-299,77],[-254,8],[-163,-27],[-248,187],[47,134],[-9,151],[-58,65],[30,104]],[[4260,6308],[49,-80]],[[4309,6228],[-157,-73],[-141,-180]],[[4011,5975],[0,0]],[[4011,5975],[-128,-193],[-184,-190]],[[3699,5592],[0,-1]],[[3699,5592],[-265,260]],[[3434,5852],[-67,156]],[[3367,6008],[353,121],[182,129],[358,50]],[[4681,784],[98,67],[154,-75],[-56,-104],[-143,25],[-53,87]],[[4844,1618],[120,5],[46,-75],[-190,-14]],[[4868,2501],[159,-23],[32,-68],[350,-26]],[[5409,2384],[238,-527],[-32,-129],[-116,0],[-151,-129]],[[5348,1599],[0,0]],[[5348,1599],[-7,-56]],[[5341,1543],[-257,75],[-111,183],[-162,95]],[[5617,1001],[132,55],[206,-101],[57,-74],[-58,-122],[-163,29],[-174,213]],[[5605,525],[133,49],[224,-226],[-13,-91],[-131,-16],[-76,58],[-137,226]],[[5409,2384],[27,29],[1069,6]],[[6505,2419],[0,0]],[[6505,2419],[78,-1]],[[6583,2418],[19,-569],[-132,-354]],[[6470,1495],[-186,0],[-144,-264]],[[6140,1231],[-212,-35],[-118,66],[23,119],[-110,157],[-248,-42],[-134,47]],[[1301,6083],[-82,152],[-137,73],[-132,168],[-129,94]],[[821,6570],[479,53],[53,46],[250,-2]],[[1603,6667],[16,-15]],[[1619,6652],[0,0]],[[1619,6652],[55,-50]],[[1674,6602],[0,0]],[[1674,6602],[118,-129]],[[1792,6473],[267,-500]],[[2059,5973],[0,0]],[[2059,5973],[-55,-40]],[[2004,5933],[57,-86]],[[2061,5847],[-212,109]],[[1849,5956],[0,0]],[[1849,5956],[-14,12]],[[1835,5968],[0,0]],[[1835,5968],[0,0]],[[1835,5968],[-2,0]],[[1833,5968],[0,0]],[[1833,5968],[-150,21],[-188,112]],[[1495,6101],[0,0]],[[1495,6101],[-194,-18]],[[4742,4176],[94,-93],[-59,-292]],[[4777,3791],[0,0]],[[4777,3791],[-1,-352]],[[4776,3439],[-635,0]],[[4141,3439],[-19,0]],[[4122,3439],[-97,123]],[[4025,3562],[344,289],[0,232],[282,19],[91,74]],[[6637,848],[97,182]],[[6734,1030],[262,-79],[1114,-6]],[[8110,945],[-19,-851]],[[8091,94],[-1061,-94],[-112,169],[-3,225],[-109,290],[-169,164]],[[4323,7158],[4,-262]],[[4327,6896],[-230,-47],[-189,6],[-131,-122],[-153,96],[-300,-94],[-96,-215]],[[2896,6544],[14,202],[53,74]],[[2963,6820],[131,41]],[[3094,6861],[37,-13]],[[3131,6848],[0,0]],[[3131,6848],[116,1]],[[3247,6849],[0,0]],[[3247,6849],[87,14]],[[3334,6863],[0,0]],[[3334,6863],[45,79]],[[3379,6942],[0,0]],[[3379,6942],[159,122]],[[3538,7064],[0,0]],[[3538,7064],[168,93],[617,1]],[[1806,5574],[129,17]],[[1935,5591],[0,0]],[[1935,5591],[44,104]],[[1979,5695],[58,-47]],[[2037,5648],[87,-185]],[[2124,5463],[-283,-2]],[[1841,5461],[-35,113]],[[1263,5529],[53,55],[163,-97],[-88,-87],[-128,129]],[[2061,5847],[-82,-152]],[[1806,5574],[-281,172],[-143,-32],[-34,64],[68,149],[-115,156]],[[3955,5383],[0,0]],[[3955,5383],[-5,49]],[[3950,5432],[0,0]],[[3950,5432],[58,24]],[[4008,5456],[0,0]],[[4008,5456],[7,25]],[[4015,5481],[0,0]],[[4015,5481],[41,19]],[[4056,5500],[0,0]],[[4056,5500],[23,-9]],[[4079,5491],[0,0]],[[4079,5491],[56,30]],[[4135,5521],[0,0]],[[4135,5521],[78,23]],[[4213,5544],[0,0]],[[4213,5544],[53,40]],[[4266,5584],[0,0]],[[4266,5584],[116,-63],[269,40],[97,105],[249,-130]],[[4997,5536],[-266,-229],[-64,-151],[-108,0],[-280,-248]],[[4279,4908],[-123,84],[-201,391]],[[3042,9128],[1287,0]],[[4329,9128],[-1,-1542]],[[4188,7570],[37,246],[-98,153],[-128,32],[-227,180],[-181,32],[-104,-123],[-164,36],[-19,225],[-258,-2]],[[3046,8349],[-4,779]],[[2016,6681],[102,-25],[83,-161]],[[2201,6495],[0,0]],[[2201,6495],[97,-184]],[[2298,6311],[36,-209],[-135,0],[10,-169],[-205,0]],[[1792,6473],[158,40],[66,168]],[[1916,9127],[1015,1]],[[2931,9128],[111,0]],[[3046,8349],[-163,1]],[[2883,8350],[-182,7]],[[2701,8357],[0,0]],[[2701,8357],[-89,-16]],[[2612,8341],[0,0]],[[2612,8341],[-328,-33]],[[2284,8308],[0,0]],[[2284,8308],[-55,-28]],[[2229,8280],[0,0]],[[2229,8280],[-336,8],[-186,-41]],[[1707,8247],[0,0]],[[1707,8247],[-187,-34]],[[1520,8213],[0,0]],[[1520,8213],[-22,-7]],[[1498,8206],[0,0]],[[1498,8206],[-19,-1]],[[1479,8205],[0,0]],[[1479,8205],[-17,2]],[[1462,8207],[0,0]],[[1462,8207],[-95,-25]],[[1367,8182],[67,115],[288,182],[-34,94]],[[1688,8573],[0,0]],[[1688,8573],[-6,9]],[[1682,8582],[0,0]],[[1682,8582],[284,517],[-50,28]],[[2348,4524],[393,80]],[[2741,4604],[180,-167]],[[2921,4437],[0,0]],[[2921,4437],[5,-11]],[[2926,4426],[0,0]],[[2926,4426],[-9,-8]],[[2917,4418],[0,0]],[[2917,4418],[-20,-10]],[[2897,4408],[0,0]],[[2897,4408],[1,-5]],[[2898,4403],[0,0]],[[2898,4403],[4,-1]],[[2902,4402],[0,0]],[[2902,4402],[5,-7]],[[2907,4395],[0,-1]],[[2907,4394],[125,-61]],[[3032,4333],[0,0]],[[3032,4333],[29,-140],[66,1]],[[3127,4194],[0,0]],[[3127,4194],[196,-192],[5,-52]],[[3328,3950],[0,0]],[[3328,3950],[25,-7]],[[3353,3943],[0,0]],[[3353,3943],[67,19]],[[3420,3962],[0,0]],[[3420,3962],[74,6]],[[3494,3968],[0,0]],[[3494,3968],[26,-21]],[[3520,3947],[0,0]],[[3520,3947],[98,-73]],[[3618,3874],[0,0]],[[3618,3874],[15,-4]],[[3633,3870],[0,0]],[[3633,3870],[11,4]],[[3644,3874],[0,0]],[[3644,3874],[3,1]],[[3647,3875],[0,0]],[[3647,3875],[-8,49]],[[3639,3924],[0,0]],[[3639,3924],[-42,61]],[[3597,3985],[0,0]],[[3597,3985],[48,-23]],[[3645,3962],[0,0]],[[3645,3962],[28,-19]],[[3673,3943],[27,-100]],[[3700,3843],[0,0]],[[3700,3843],[2,-68],[151,-97]],[[3853,3678],[0,0]],[[3853,3678],[101,-50]],[[3954,3628],[0,0]],[[3954,3628],[51,-49]],[[4005,3579],[0,0]],[[4005,3579],[20,-17]],[[4122,3439],[-1182,6]],[[2940,3445],[-176,183],[-140,200],[-190,142],[-80,315],[42,59],[-48,180]],[[1037,9123],[163,-110],[195,-75],[135,25],[-73,89],[374,261],[80,-17],[5,-169]],[[1367,8182],[5,-10]],[[1372,8172],[0,0]],[[1372,8172],[81,-38],[42,-277]],[[1495,7857],[-590,-3],[0,28]],[[905,7882],[0,777],[-55,159]],[[850,8818],[0,0]],[[850,8818],[116,26],[60,100],[11,179]],[[334,7882],[571,0]],[[1495,7857],[22,-45]],[[1517,7812],[0,0]],[[1517,7812],[-45,-93]],[[1472,7719],[0,0]],[[1472,7719],[20,-52]],[[1492,7667],[49,-231]],[[1541,7436],[-3,-53],[-167,-28],[-13,-100],[78,-181],[-94,-173],[139,-181],[122,-53]],[[821,6570],[-147,143],[22,154],[-127,313],[56,224],[-74,263],[-217,215]],[[5912,4446],[-13,60]],[[5899,4506],[0,0]],[[5899,4506],[13,91],[-84,192],[-137,69]],[[5691,4858],[0,0]],[[5691,4858],[-72,134],[-117,86],[11,125]],[[5513,5203],[909,3]],[[6422,5206],[2110,-1746]],[[8532,3460],[-83,-17],[-554,0],[-1280,3]],[[6615,3446],[-361,-7]],[[6254,3439],[25,81],[-121,369],[9,120],[-147,161],[-108,276]],[[4677,6114],[76,122]],[[4753,6236],[0,0]],[[4753,6236],[-57,178],[33,108]],[[4729,6522],[1693,-1316]],[[5513,5203],[-239,130]],[[5274,5333],[-121,155]],[[5153,5488],[0,0]],[[5153,5488],[-36,7]],[[5117,5495],[0,0]],[[5117,5495],[-82,0]],[[5035,5495],[57,169],[-109,75],[-52,130]],[[4931,5869],[0,0]],[[4931,5869],[-164,52],[-76,76]],[[4691,5997],[0,0]],[[4691,5997],[-14,117]],[[4309,6228],[132,-82],[169,65],[67,-97]],[[5035,5495],[-38,41]],[[3955,5383],[-256,208]],[[2298,6311],[384,20]],[[2682,6331],[0,0]],[[2682,6331],[10,-230],[96,-1]],[[2789,6100],[0,0]],[[2529,5840],[-250,-33],[-218,40]],[[6583,2418],[34,0],[-2,1028]],[[8532,3460],[981,-852],[-1,-134],[156,-170],[126,-276],[168,-119],[34,-85],[-292,-189]],[[9704,1635],[-851,-1],[0,-46],[-1557,0],[0,-32],[-433,23]],[[6863,1579],[0,0]],[[6863,1579],[-175,8],[-113,-154]],[[6575,1433],[0,0]],[[6575,1433],[1,-18]],[[6576,1415],[-106,80]],[[2802,5869],[24,-291]],[[2826,5578],[-391,-104],[-226,129]],[[2209,5603],[0,0]],[[2209,5603],[-53,51]],[[2156,5654],[0,0]],[[2156,5654],[-10,11]],[[2146,5665],[0,0]],[[2146,5665],[-109,-17]],[[4260,6511],[187,181],[-25,63]],[[4422,6755],[307,-233]],[[4260,6308],[0,203]],[[4327,6896],[95,-141]],[[4260,6511],[-223,-162],[-159,-28]],[[3878,6321],[0,0]],[[3878,6321],[-157,-21],[-115,50]],[[3606,6350],[0,0]],[[3606,6350],[1,2]],[[3607,6352],[0,0]],[[3607,6352],[-121,-13]],[[3486,6339],[0,0]],[[3486,6339],[-149,-34]],[[2016,6681],[53,64]],[[2069,6745],[488,0]],[[2557,6745],[151,-185]],[[2708,6560],[0,0]],[[2708,6560],[51,38]],[[2759,6598],[0,0]],[[2759,6598],[22,-52]],[[2760,7137],[211,47],[70,134]],[[3041,7318],[0,0]],[[3041,7318],[177,62],[72,74]],[[3290,7454],[65,45]],[[3342,7238],[-100,-13],[-148,-157],[0,-207]],[[2963,6820],[-161,-74],[-43,365]],[[2759,7111],[0,0]],[[2759,7111],[1,26]],[[2741,4604],[61,5]],[[2802,4609],[32,19]],[[2834,4628],[0,0]],[[2834,4628],[57,70],[265,-24]],[[3156,4674],[71,-132],[215,-100]],[[3442,4442],[303,-266],[8,-169],[-80,-64]],[[334,9424],[353,0],[1,-88],[105,1]],[[793,9337],[154,1],[90,-215]],[[334,7882],[-282,261],[-47,221],[253,471],[30,99],[-64,107],[86,198],[-78,43],[102,142]],[[9704,1635],[-96,-162],[38,-242],[-28,-153],[-98,-124]],[[9520,954],[-1410,-9]],[[6734,1030],[94,159],[-117,57],[-135,169]],[[4776,3439],[1478,0]],[[4839,2501],[0,185],[-86,12],[8,97],[-110,-5],[1,92],[-138,1],[-68,185],[-114,1],[-86,184],[-105,0],[0,186]],[[2504,7230],[-18,-85]],[[2486,7145],[0,0]],[[2486,7145],[-37,-130],[119,-160],[-11,-110]],[[2069,6745],[-72,75]],[[1997,6820],[0,0]],[[1997,6820],[-57,58]],[[1940,6878],[0,0]],[[1940,6878],[-8,93]],[[1932,6971],[1,0]],[[1932,6971],[0,0]],[[1932,6971],[0,0]],[[1932,6971],[1,0]],[[1933,6971],[-34,75],[-141,6]],[[1758,7052],[0,0]],[[1758,7052],[-109,101],[34,75]],[[1683,7228],[821,2]],[[931,9990],[-120,-119]],[[811,9871],[0,0]],[[811,9871],[-9,-11]],[[802,9860],[0,0]],[[802,9860],[-39,-343]],[[763,9517],[0,0]],[[763,9517],[30,-180]],[[334,9424],[-73,228],[-217,144],[146,45],[-42,146],[783,3]],[[2931,9986],[1398,-4],[0,-854]],[[2931,9128],[0,858]],[[5912,4446],[-599,-4],[-4,-88],[-308,3],[0,-92],[-157,3],[-102,-92]],[[3442,4442],[364,320]],[[3806,4762],[90,-194]],[[3896,4568],[0,0]],[[3896,4568],[74,-79],[535,65],[115,171],[132,58],[11,86],[183,26]],[[4946,4895],[0,0]],[[4946,4895],[75,218],[253,220]],[[3806,4762],[244,115],[173,14]],[[4223,4891],[0,0]],[[4223,4891],[56,17]],[[2251,5017],[-12,9]],[[2239,5026],[0,0]],[[2239,5026],[0,7]],[[2239,5033],[0,0]],[[2239,5033],[-17,27]],[[2222,5060],[0,0]],[[2222,5060],[-8,67]],[[2214,5127],[0,0]],[[2214,5127],[47,70]],[[2261,5197],[1,0]],[[2262,5197],[57,23]],[[2319,5220],[143,-19]],[[2462,5201],[0,0]],[[2462,5201],[66,25],[379,-2]],[[2907,5224],[-14,-7]],[[2893,5217],[0,0]],[[2893,5217],[77,-172]],[[2970,5045],[0,0]],[[2970,5045],[-19,-17]],[[2951,5028],[0,0]],[[2951,5028],[32,-156],[100,26]],[[3083,4898],[0,0]],[[3083,4898],[53,-25]],[[3136,4873],[0,0]],[[3136,4873],[9,-15]],[[3145,4858],[-22,-108]],[[3123,4750],[0,0]],[[3123,4750],[33,-76]],[[2802,4609],[-92,71]],[[2710,4680],[-2,0]],[[2708,4680],[2,0]],[[2708,4680],[-37,29]],[[2671,4709],[-2,0]],[[2669,4709],[-36,58]],[[2633,4767],[0,0]],[[2633,4767],[-18,5]],[[2615,4772],[0,0]],[[2615,4772],[-73,47]],[[2542,4819],[0,0]],[[2542,4819],[-40,9]],[[2502,4828],[0,0]],[[2502,4828],[-130,63]],[[2372,4891],[0,0]],[[2372,4891],[0,2]],[[2372,4893],[0,0]],[[2372,4893],[-121,124]],[[2883,8350],[24,-100],[125,-44],[-91,-167]],[[2941,8039],[-144,-53],[-57,-126],[-126,-99],[-261,-4],[-1,-91]],[[2352,7666],[-860,1]],[[3338,6087],[29,-79]],[[3434,5852],[5,-359],[-125,9]],[[3314,5502],[0,0]],[[3314,5502],[-5,3]],[[3309,5505],[0,0]],[[3309,5505],[-43,-9]],[[3266,5496],[0,0]],[[3266,5496],[-23,-17]],[[3243,5479],[0,0]],[[3243,5479],[-39,-26]],[[3204,5453],[0,0]],[[3204,5453],[-15,-7]],[[3189,5446],[0,0]],[[3189,5446],[-8,-4]],[[3181,5442],[0,0]],[[3181,5442],[-34,-7]],[[3147,5435],[0,0]],[[3147,5435],[-240,-211]],[[2907,5224],[1,2]],[[2908,5226],[0,0]],[[2908,5226],[-82,62],[0,290]],[[2907,5224],[0,0]],[[2319,5220],[-195,243]],[[4326,7294],[-3,-136]],[[2941,8039],[58,-46],[-52,-220],[343,-319]],[[2760,7137],[-274,8]],[[2504,7230],[11,42]],[[2515,7272],[0,0]],[[2515,7272],[20,118],[-133,-1],[51,172],[-101,105]],[[3145,4858],[253,222],[-17,58],[574,245]],[[6637,848],[-497,383]],[[9520,954],[-95,-33],[39,-133],[-21,-198],[179,-62],[57,-128],[-62,-159],[-187,-42],[-1339,-105]],[[1541,7436],[146,0],[-4,-208]],[[2251,5017],[-71,-75]],[[2180,4942],[0,0]],[[2180,4942],[-90,-30],[4,-139]],[[2094,4773],[-61,12],[-101,172],[14,128],[-102,146],[-3,230]],[[931,9990],[1316,7],[684,-11]],[[2348,4524],[-24,97],[-230,152]],[[3650,2605],[13,105],[-169,51],[-94,109],[28,150],[-105,29],[-154,173],[-118,43],[-111,180]]],"transform":{"scale":[0.0010351827182718282,0.0009481633163316333],"translate":[-124.482003,32.528832]}}